"","intensity","load"
"1",13102.681640625,0
"2",12633.234375,0
"3",14530.8520507812,1
"4",13184.533203125,0
"5",10090.6669921875,0
"6",11012.7065429688,4
"7",14732,0
"8",14793.2138671875,0
"9",13360.9169921875,0
"10",13934.751953125,2
"11",11925.5927734375,1
"12",11268.2900390625,0
"13",14868,4
"14",15511.912109375,2
"15",14992.2685546875,0
"16",12757.3330078125,0
"17",15854.93359375,0
"18",14518.857421875,3
"19",15897.3725585938,4
"20",15427.1474609375,2
"21",15786.6669921875,3
"22",14584.384765625,2
"23",13799.2255859375,3
"24",13416.888671875,0
"25",12283.3154296875,2
"26",10617.4599609375,1
"27",15222.6337890625,1
"28",13191.7294921875,0
"29",12068.1357421875,0
"30",12671.1616210938,0
"31",11733.1455078125,0
"32",15032.888671875,4
"33",12963.271484375,0
"34",13875.2001953125,2
"35",14494.5229492188,0
"36",10421.4682617188,1
"37",15352.4360351562,0
"38",10991.0947265625,4
"39",9895.87548828125,0
"40",14753.5927734375,4
"41",12111.7373046875,0
"42",10645.91015625,0
"43",15960.4365234375,2
"44",15500.38671875,2
"45",11776,2
"46",14250.6669921875,0
"47",13516.0380859375,3
"48",15937.3852539062,0
"49",13262.4799804688,0
"50",13318.62109375,3
"51",12644.2802734375,0
"52",11511.466796875,0
"53",9748.076171875,1
"54",15603.51171875,4
"55",15232,0
"56",14493.6015625,3
"57",15547.7333984375,3
"58",15114.6181640625,4
"59",13931.123046875,0
"60",14156.6220703125,4
"61",12181.9428710938,0
"62",11834.6259765625,3
"63",15776.7973632812,4
"64",14006.0258789062,3
"65",14090.240234375,3
"66",14186.4267578125,0
"67",15314.9428710938,0
"68",13195.296875,3
"69",13164.8740234375,0
"70",15865.8168945312,4
"71",11090.5810546875,1
"72",15776.5405273438,3
"73",11395.4130859375,4
"74",12563.361328125,0
"75",12930.8110351562,0
"76",12190.3984375,0
"77",8806.06494140625,0
"78",12952.935546875,1
"79",11575.23046875,0
"80",9323.48046875,0
"81",15352,0
"82",16128,2
"83",11059.9423828125,1
"84",14470.64453125,0
"85",14295.8803710938,0
"86",11168.9140625,0
"87",14231.1157226562,0
"88",15493.091796875,1
"89",15657.6352539062,4
"90",15203.83984375,4
"91",10727.2255859375,4
"92",14946.4619140625,0
"93",15098.115234375,0
"94",11918.7392578125,2
"95",14408.6274414062,0
"96",14315.8857421875,1
"97",13408.7109375,4
"98",13746.716796875,0
"99",13438.197265625,0
"100",14579.8095703125,0
"101",12998.193359375,2
"102",10878.2934570312,0
"103",15750.7373046875,2
"104",11648.8369140625,0
"105",14701.7138671875,0
"106",13733.734375,3
"107",13841.6469726562,4
"108",11036.984375,1
"109",11227.486328125,0
"110",13153.5234375,0
"111",11659.63671875,0
"112",16000.3974609375,9
"113",15590.400390625,0
"114",15270.49609375,0
"115",15350.2250976562,0
"116",13536.2333984375,0
"117",14578.0849609375,4
"118",14163.3095703125,0
"119",15644.248046875,0
"120",11721.845703125,0
"121",11175.494140625,0
"122",15620.6547851562,4
"123",13133.2060546875,3
"124",15898.685546875,4
"125",10701.2211914062,0
"126",14013.0771484375,3
"127",15331.83984375,2
"128",10969.8896484375,1
"129",14014.892578125,0
"130",15228.541015625,4
"131",13928.91796875,0
"132",11632,0
"133",14121.6748046875,3
"134",13217.5234375,0
"135",14584.9189453125,0
"136",13044.9228515625,1
"137",15981.7138671875,9
"138",15827.478515625,0
"139",13551.6591796875,4
"140",14317.7856445312,1
"141",13934.1557617188,2
"142",15058.5810546875,1
"143",15847.1225585938,4
"144",10665.810546875,0
"145",14492.9555664062,1
"146",15825.7080078125,2
"147",9218.3974609375,0
"148",15141.84375,0
"149",14798.982421875,1
"150",14718.9423828125,1
"151",14267.0771484375,0
"152",14978.7041015625,0
"153",14151.111328125,2
"154",13024.5244140625,0
"155",15316.5283203125,3
"156",11794.4931640625,3
"157",15849.5854492188,0
"158",15230.0703125,4
"159",13878.6240234375,0
"160",11712.9140625,1
"161",15467.51953125,4
"162",10678.2534179688,1
"163",11408.7724609375,3
"164",15228.8779296875,0
"165",15602.8720703125,0
"166",12772.1889648438,3
"167",15805.1254882812,4
"168",15150.0200195312,0
"169",15367.8046875,4
"170",12833.8828125,0
"171",10065.8520507812,0
"172",14053.1376953125,0
"173",15835.4287109375,0
"174",10961.919921875,4
"175",13529.32421875,0
"176",14455.4926757812,4
"177",11234.4418945312,0
"178",15104,2
"179",15636.3173828125,3
"180",12410.4345703125,3
"181",15010.9091796875,4
"182",14905.4770507812,4
"183",13504,1
"184",12299.033203125,2
"185",15843.236328125,4
"186",10249.8461914062,0
"187",13396.3291015625,1
"188",15078.201171875,4
"189",9779.2001953125,0
"190",11596.41796875,0
"191",13611.5029296875,3
"192",12443.23828125,3
"193",13137.26953125,1
"194",14979.5419921875,0
"195",13204.2666015625,4
"196",15897.193359375,9
"197",14516.41796875,4
"198",11926.0693359375,0
"199",14887.3764648438,0
"200",15482.4345703125,2
"201",14811.966796875,0
"202",9986.392578125,0
"203",10158.9638671875,0
"204",14086.095703125,0
"205",14413.576171875,0
"206",12975.158203125,4
"207",15637.0180664062,4
"208",13546.923828125,0
"209",12875.4521484375,2
"210",15264.1899414062,2
"211",14787.4912109375,3
"212",13246.6938476562,3
"213",10965.873046875,0
"214",7337.37353515625,0
"215",15325.4052734375,4
"216",14099.6923828125,0
"217",14212.025390625,2
"218",13753.6708984375,3
"219",15018.6669921875,4
"220",13614.5458984375,0
"221",15633.4326171875,1
"222",13355.9399414062,3
"223",13569.2309570312,3
"224",12397.935546875,0
"225",11809.5234375,3
"226",14288,4
"227",15655.384765625,4
"228",12821.349609375,0
"229",11629.1469726562,0
"230",12483.7646484375,0
"231",14782.1943359375,1
"232",14740.7568359375,3
"233",14836.037109375,0
"234",11787.0107421875,0
"235",10336.712890625,0
"236",11687.0732421875,0
"237",12651.7314453125,0
"238",13919.5063476562,1
"239",13140.3930664062,1
"240",15133.9541015625,1
"241",15221.0283203125,0
"242",15812.9228515625,0
"243",14045.0112304688,2
"244",14217.5205078125,4
"245",11866.2294921875,1
"246",14246.9560546875,4
"247",14931.7822265625,0
"248",14930.0288085938,4
"249",13760.0532226562,1
"250",15666.7197265625,9
"251",13709.0615234375,0
"252",13777.77734375,0
"253",8889.6484375,0
"254",10269.638671875,0
"255",15027.8916015625,3
"256",14300.8315429688,3
"257",14584.08203125,0
"258",14746.580078125,0
"259",8982.68359375,0
"260",13691.5859375,0
"261",12293.876953125,0
"262",13221.564453125,2
"263",15943.6796875,4
"264",13835.7255859375,0
"265",12401.41796875,0
"266",13879.3515625,3
"267",13470.78515625,0
"268",15713.044921875,4
"269",13629.2958984375,0
"270",13319.314453125,0
"271",8301.7138671875,3
"272",14366.7236328125,3
"273",12531.8095703125,1
"274",15726.791015625,3
"275",12730.2177734375,0
"276",11452.4770507812,0
"277",12562.1240234375,1
"278",13089.48828125,0
"279",15857.509765625,4
"280",14945.7099609375,4
"281",15748.7412109375,1
"282",11295.1162109375,0
"283",12179.8310546875,0
"284",13372.74609375,0
"285",11592.5966796875,0
"286",15114.240234375,3
"287",13259.9326171875,0
"288",14064.0952148438,0
"289",13255.529296875,0
"290",11091.1455078125,4
"291",11079.4345703125,0
"292",15547.1186523438,2
"293",15485.7543945312,0
"294",15650.1337890625,0
"295",15070.1484375,4
"296",15432.017578125,4
"297",15449.4956054688,4
"298",15675.7333984375,0
"299",12305.423828125,0
"300",15201.6328125,0
"301",14305.15625,0
"302",12868.24609375,0
"303",11987.537109375,1
"304",15348.8115234375,1
"305",11084.3232421875,0
"306",15738.00390625,4
"307",14418.9296875,0
"308",14473.845703125,0
"309",12556.212890625,9
"310",14824.8671875,4
"311",14276.5590820312,0
"312",12280.2421875,0
"313",12245.9423828125,0
"314",15717.9169921875,3
"315",15173.2841796875,0
"316",11331.177734375,0
"317",12340.4790039062,0
"318",12781.74609375,4
"319",13496.888671875,0
"320",13575.4321289062,3
"321",12708.2221679688,1
"322",13888,9
"323",7579.99438476562,0
"324",14399.015625,1
"325",12047.5571289062,2
"326",15885.4077148438,0
"327",13421.9755859375,3
"328",15207.0590820312,1
"329",14879.33203125,0
"330",9798.65771484375,0
"331",14927.68359375,0
"332",14492.3740234375,0
"333",12730.3857421875,1
"334",12411.2319335938,3
"335",15417.3134765625,1
"336",14970.7392578125,0
"337",10846.3154296875,4
"338",11935.16796875,3
"339",12165.3569335938,1
"340",15407.111328125,0
"341",12015.416015625,2
"342",15349.1416015625,0
"343",15254.857421875,0
"344",15733.2133789062,2
"345",15416.2856445312,0
"346",13110.61328125,0
"347",16032,0
"348",13212.9125976562,0
"349",14151.1811523438,4
"350",12273.7778320312,0
"351",12597.4970703125,0
"352",11520,0
"353",13875.5610351562,0
"354",15328.9697265625,4
"355",15539.3325195312,0
"356",14319.25,2
"357",13514.19140625,1
"358",14480.166015625,0
"359",15346.115234375,0
"360",14911.890625,4
"361",14388.2451171875,0
"362",12361.9633789062,2
"363",15644.4443359375,0
"364",14203.2163085938,2
"365",14764.1005859375,4
"366",11298.2416992188,3
"367",15445.3330078125,2
"368",13825.7387695312,0
"369",14473.3583984375,4
"370",11611.1826171875,0
"371",14009.3349609375,1
"372",13465.12109375,0
"373",13732.2265625,2
"374",14147.91796875,3
"375",11412.8432617188,0
"376",9959.2587890625,1
"377",13721.599609375,4
"378",15521.185546875,2
"379",12199.03515625,0
"380",15815.111328125,3
"381",12949.93359375,1
"382",14580.7060546875,3
"383",15089.2309570312,0
"384",11442.2768554688,2
"385",12484.9228515625,4
"386",11495.47265625,2
"387",15452.466796875,4
"388",14968.2890625,4
"389",13144.4365234375,3
"390",13243.0771484375,0
"391",8578.09033203125,0
"392",12921.4912109375,0
"393",12976.2080078125,1
"394",10842.5048828125,2
"395",13034.0576171875,3
"396",13440,0
"397",15947.44921875,0
"398",15667.6298828125,1
"399",13369.19140625,0
"400",12421.2607421875,0
"401",15383.2724609375,4
"402",15193.599609375,0
"403",13082.3173828125,0
"404",8754.3935546875,0
"405",15031.546875,0
"406",10492.2705078125,0
"407",11299.8256835938,3
"408",12444.7329101562,1
"409",12305.4541015625,4
"410",13775.7685546875,0
"411",11886.107421875,0
"412",15192.6889648438,2
"413",8954.3740234375,0
"414",13634.3110351562,2
"415",12882.7080078125,0
"416",11136.2685546875,1
"417",14208,0
"418",14260.5712890625,0
"419",14440.8725585938,4
"420",11042.7119140625,1
"421",14701.177734375,3
"422",10655.134765625,3
"423",11892.6123046875,3
"424",15428.2666015625,0
"425",11056.607421875,3
"426",11395.8549804688,2
"427",11909.5654296875,0
"428",14982.095703125,0
"429",10610.869140625,0
"430",14295.5791015625,0
"431",12055.0014648438,1
"432",12107.787109375,0
"433",15499.3876953125,4
"434",15744.7626953125,4
"435",11259.5859375,0
"436",13844.48046875,2
"437",14464,0
"438",15956.0639648438,4
"439",13394,2
"440",10397.775390625,4
"441",12732.6318359375,0
"442",14825.5561523438,2
"443",14241.9140625,2
"444",15850.3046875,0
"445",10528.25390625,1
"446",15786.6669921875,1
"447",10316.1948242188,1
"448",13879.5185546875,0
"449",12681.9379882812,4
"450",12471.3515625,2
"451",15025.4931640625,1
"452",14730.9716796875,3
"453",15300.8759765625,4
"454",14481.248046875,0
"455",13278.6796875,0
"456",10627.76953125,0
"457",12385.912109375,0
"458",13607.384765625,0
"459",14991.5166015625,4
"460",10356.36328125,1
"461",14234.42578125,4
"462",14489.599609375,0
"463",14326.5185546875,0
"464",15445.3569335938,4
"465",12716.486328125,0
"466",14664.7841796875,0
"467",12435.0830078125,0
"468",12945.568359375,1
"469",13807.0688476562,0
"470",12716.1376953125,0
"471",15307.310546875,2
"472",15590.400390625,3
"473",9773.4580078125,1
"474",11812.5590820312,0
"475",11861.6743164062,2
"476",15601.341796875,0
"477",15031.5947265625,4
"478",12315.978515625,0
"479",11488,0
"480",13927.1108398438,0
"481",15833.462890625,4
"482",15751.658203125,1
"483",15411.2001953125,3
"484",15950.96484375,2
"485",10772.48046875,0
"486",13182.85546875,0
"487",11073.828125,2
"488",12840.9599609375,2
"489",15124.078125,0
"490",15824.5927734375,0
"491",15014.8310546875,4
"492",15689.751953125,0
"493",11980.7329101562,0
"494",15307.7548828125,3
"495",9712.484375,0
"496",13986.4619140625,0
"497",14415.18359375,0
"498",10529.2216796875,1
"499",12807.8725585938,0
"500",13960.7534179688,4
"501",15705.01953125,0
"502",10912.744140625,0
"503",13313.1962890625,0
"504",15696.841796875,0
"505",15147.673828125,3
"506",11050.1650390625,1
"507",14033.1479492188,3
"508",14600.3891601562,0
"509",12839.384765625,0
"510",14215.220703125,0
"511",11059.6918945312,0
"512",13236.7060546875,0
"513",15831.8608398438,0
"514",11636.6665039062,0
"515",15104,0
"516",11932.6713867188,0
"517",10746.2568359375,1
"518",14491.5561523438,1
"519",12954.56640625,0
"520",11104.943359375,0
"521",15222.7841796875,0
"522",10906.791015625,0
"523",13712.8930664062,1
"524",15464.2202148438,0
"525",15731.61328125,3
"526",11912.7998046875,3
"527",9620.59765625,1
"528",12551.1518554688,0
"529",13820.4931640625,3
"530",15616,4
"531",13177.2626953125,0
"532",14761.7392578125,2
"533",12637.384765625,1
"534",14195.8852539062,0
"535",15892.5712890625,9
"536",10023.384765625,0
"537",12202.2651367188,3
"538",13689.2485351562,0
"539",12547.4262695312,0
"540",15353.2626953125,0
"541",13768.888671875,0
"542",11421.0556640625,0
"543",15447.7651367188,0
"544",11543.3823242188,0
"545",15617.2426757812,0
"546",14203.2587890625,0
"547",13343.7221679688,3
"548",13362.0869140625,0
"549",11312.884765625,0
"550",14636.8530273438,4
"551",12733.3330078125,0
"552",12710.1118164062,4
"553",10525.4404296875,0
"554",13831.81640625,4
"555",13951.3095703125,0
"556",12906.6669921875,1
"557",12042.322265625,1
"558",14475.2431640625,2
"559",12685.1284179688,0
"560",13294.8374023438,1
"561",15639.1625976562,2
"562",12697.9116210938,0
"563",14769.8637695312,0
"564",9421.7138671875,0
"565",13856.58203125,0
"566",11699.181640625,0
"567",11905.9252929688,0
"568",15812.9228515625,9
"569",12245.0346679688,2
"570",13948.271484375,0
"571",11046.1279296875,4
"572",14106.947265625,2
"573",12186.4799804688,4
"574",13340,0
"575",13578.5205078125,2
"576",14943.701171875,0
"577",14713.0180664062,0
"578",15731.61328125,4
"579",14504.314453125,1
"580",13348.828125,3
"581",11292.400390625,4
"582",10389.533203125,1
"583",15632,0
"584",10866.0595703125,0
"585",13821.3876953125,0
"586",12148.59375,4
"587",12468.005859375,1
"588",13048.5883789062,1
"589",14887.4672851562,2
"590",13079.0634765625,2
"591",15118.4228515625,1
"592",13355.982421875,0
"593",10652.2255859375,0
"594",13596.857421875,2
"595",14115.83984375,1
"596",11107.83984375,1
"597",14555.4287109375,0
"598",13626.3510742188,0
"599",15728.3198242188,0
"600",12451.310546875,1
"601",15900.4443359375,3
"602",11730.7172851562,2
"603",13246.3671875,2
"604",16128,9
"605",14566.1611328125,4
"606",8780.30810546875,1
"607",15186.353515625,4
"608",14177.623046875,0
"609",13850.5708007812,0
"610",14624.451171875,2
"611",13144.0595703125,3
"612",15854.93359375,4
"613",15854.93359375,9
"614",11281.73828125,0
"615",11733.0874023438,1
"616",12335.4194335938,0
"617",14211.4506835938,1
"618",15533.7138671875,4
"619",13185.0751953125,3
"620",15808,4
"621",14786.7822265625,0
"622",15321.4248046875,4
"623",12884.9721679688,2
"624",13580.4321289062,3
"625",9707.2431640625,2
"626",14054.400390625,0
"627",12525.3330078125,0
"628",15611.029296875,0
"629",15468.3076171875,0
"630",15133.8916015625,0
"631",15448.275390625,0
"632",16128,4
"633",12206.1499023438,2
"634",15066.5361328125,0
"635",8942.03515625,0
"636",12466.716796875,0
"637",14230.0693359375,4
"638",13853.767578125,1
"639",15344.30859375,0
"640",15636.48046875,0
"641",10320.3408203125,0
"642",8733.60498046875,0
"643",14966.8813476562,0
"644",13952,0
"645",14127.7607421875,0
"646",15731.5322265625,4
"647",12778.212890625,0
"648",15737.904296875,3
"649",8133.95361328125,0
"650",10724.392578125,0
"651",9036.7998046875,1
"652",14879.6044921875,0
"653",12008.0908203125,1
"654",13267.6533203125,4
"655",15622.97265625,4
"656",15812.9228515625,0
"657",11918.8979492188,0
"658",11672.8452148438,0
"659",15172.2368164062,4
"660",11886.1713867188,0
"661",12623.8720703125,2
"662",12455.2529296875,2
"663",13677.3037109375,4
"664",11273.4814453125,0
"665",11803.1513671875,0
"666",13731.2119140625,0
"667",13833.2529296875,3
"668",11066.0180664062,0
"669",15165.4438476562,4
"670",15066.5361328125,0
"671",8972.4716796875,0
"672",15222.2153320312,4
"673",15479.8984375,3
"674",12283.5087890625,3
"675",13255.5927734375,0
"676",15631.515625,0
"677",11781.87109375,2
"678",13544.2963867188,0
"679",14462.0668945312,0
"680",15685.0092773438,4
"681",13436.4350585938,0
"682",14771.439453125,0
"683",12588.73828125,3
"684",9777.27734375,1
"685",12764.6240234375,0
"686",14848,3
"687",11244.095703125,3
"688",11980.7998046875,4
"689",12231.4448242188,3
"690",15183.2377929688,3
"691",13038,0
"692",15894.587890625,4
"693",11386.8798828125,1
"694",12027.0834960938,0
"695",13718.1708984375,4
"696",13646.9077148438,0
"697",11892.98046875,0
"698",11771.0991210938,0
"699",14845.0234375,0
"700",15616,4
"701",15958.501953125,0
"702",15117.3115234375,0
"703",12860.4267578125,2
"704",15471.4047851562,0
"705",11954.0209960938,4
"706",13461.4892578125,3
"707",12956.9033203125,0
"708",13167.3046875,0
"709",15074.576171875,1
"710",15155.2001953125,4
"711",15059.8095703125,0
"712",10157.37890625,0
"713",14893.5595703125,4
"714",15109.818359375,0
"715",15499.0825195312,0
"716",15712.865234375,4
"717",12690.962890625,0
"718",15674.1586914062,4
"719",15222.568359375,4
"720",12102.9912109375,0
"721",13650.3793945312,0
"722",9955.5556640625,0
"723",14328.302734375,0
"724",15568.6787109375,0
"725",14032.3115234375,4
"726",13320.8935546875,2
"727",9007.54296875,1
"728",13614.8129882812,0
"729",15463.55078125,3
"730",15536.775390625,2
"731",11629.1010742188,0
"732",15587.3798828125,0
"733",16128,4
"734",12238.9340820312,0
"735",12071.2353515625,0
"736",13420.8110351562,0
"737",12428.9057617188,0
"738",13633.6411132812,0
"739",14929.6596679688,4
"740",15832.185546875,4
"741",12158.060546875,0
"742",15532.1376953125,3
"743",15769.0434570312,1
"744",12426.3579101562,0
"745",15225.5600585938,0
"746",15734.42578125,0
"747",15755.63671875,3
"748",15183.7495117188,2
"749",11620.486328125,1
"750",13722.150390625,1
"751",13593.599609375,0
"752",13160.1865234375,3
"753",12917.4370117188,0
"754",13627.2841796875,0
"755",14780.1708984375,0
"756",13222.9560546875,1
"757",12822.6372070312,0
"758",13994.6669921875,0
"759",14440.9145507812,0
"760",10988.1376953125,2
"761",15806.7451171875,4
"762",15831.8608398438,0
"763",13888.5380859375,0
"764",15843.7094726562,2
"765",15717.287109375,0
"766",15388.9814453125,0
"767",14574.3491210938,1
"768",13345.3916015625,0
"769",14081.6000976562,4
"770",13362.478515625,2
"771",12154.3618164062,4
"772",15050.7578125,0
"773",16071.8046875,4
"774",13484.7602539062,3
"775",11100.595703125,0
"776",15151.1806640625,3
"777",13137.3461914062,4
"778",14432.931640625,4
"779",14896.5048828125,2
"780",13904.751953125,0
"781",13636.7592773438,0
"782",14110.6518554688,2
"783",14135.251953125,1
"784",14547.3061523438,3
"785",15646.814453125,0
"786",14596.1313476562,3
"787",13626.75390625,2
"788",15616,0
"789",13820.5634765625,0
"790",14421.3012695312,0
"791",10356.396484375,1
"792",11614.5234375,4
"793",15535.3046875,3
"794",11847.7314453125,0
"795",14298.5844726562,0
"796",15854.03515625,1
"797",10393.12109375,4
"798",10081.9755859375,0
"799",11005.8544921875,3
"800",8800.5615234375,1
"801",10790.208984375,1
"802",15303.5034179688,3
"803",11010.3920898438,0
"804",13606.1279296875,0
"805",10819.5390625,3
"806",15069.8061523438,1
"807",15400.0693359375,0
"808",8576.98193359375,0
"809",14908.74609375,0
"810",10778.74609375,0
"811",15802.9208984375,3
"812",12886.6240234375,1
"813",13498.6669921875,0
"814",11626.9853515625,1
"815",12293.9326171875,0
"816",13919.0859375,0
"817",15774.896484375,4
"818",15042.7041015625,4
"819",12665.1118164062,0
"820",15654.982421875,0
"821",12169.638671875,4
"822",11077.09765625,1
"823",14521.2626953125,2
"824",15114.0390625,0
"825",15583.0859375,4
"826",13816.296875,0
"827",12190.1787109375,9
"828",11847.775390625,0
"829",13402.10546875,0
"830",15678.2036132812,4
"831",15808,4
"832",11108.7216796875,4
"833",15893.7514648438,2
"834",13178.046875,0
"835",11757.455078125,0
"836",11703.2724609375,0
"837",9894.91259765625,0
"838",15248.869140625,4
"839",15263.1215820312,4
"840",15399.4038085938,0
"841",15266.1337890625,4
"842",15147.8857421875,2
"843",14414.3872070312,0
"844",12710.400390625,0
"845",15288.6015625,3
"846",10447.9287109375,0
"847",8508.712890625,0
"848",13221.2739257812,0
"849",9637.1162109375,1
"850",14876.4443359375,1
"851",14529.1762695312,4
"852",15398.400390625,2
"853",12539.4287109375,0
"854",13881.53515625,2
"855",14186.3896484375,0
"856",13797.30078125,0
"857",14693.9790039062,0
"858",13290.8588867188,0
"859",15385.9008789062,4
"860",15158.302734375,4
"861",14988.7021484375,0
"862",12770,2
"863",9244.4443359375,2
"864",12667.6967773438,0
"865",11245.7905273438,0
"866",12592.9072265625,4
"867",14916.9228515625,0
"868",15053.6064453125,2
"869",14113.3916015625,0
"870",14040.943359375,0
"871",15037.8666992188,0
"872",13568,0
"873",15125.2846679688,0
"874",14776.4296875,0
"875",15334,3
"876",11693.9130859375,3
"877",14233.970703125,2
"878",12497.4462890625,0
"879",12024.2890625,0
"880",11846.1801757812,4
"881",13888.7412109375,4
"882",12271.05859375,1
"883",13706.0424804688,0
"884",11215.6640625,2
"885",13578.10546875,0
"886",14569.9311523438,2
"887",11143.419921875,4
"888",11777.453125,1
"889",13613.1767578125,0
"890",14968.2807617188,4
"891",15025.8984375,0
"892",12506,1
"893",14688,0
"894",15786.6669921875,2
"895",9540.1103515625,0
"896",11808.30078125,1
"897",11723.5561523438,0
"898",15868.759765625,4
"899",14355.5048828125,0
"900",14218.509765625,0
"901",12598.3564453125,0
"902",13429.9311523438,0
"903",10455.5791015625,1
"904",12791.3852539062,0
"905",13892.7763671875,3
"906",15631.515625,4
"907",15817.142578125,4
"908",12573.5200195312,2
"909",15818.1821289062,2
"910",11231.1796875,4
"911",13537.8828125,4
"912",15460.7744140625,0
"913",10320.2392578125,1
"914",15445.3330078125,0
"915",15638.857421875,3
"916",13315.7099609375,0
"917",14314.6752929688,0
"918",14266.576171875,2
"919",14555.4287109375,1
"920",13036.01953125,4
"921",14316.5380859375,2
"922",13837.2412109375,0
"923",11243.5703125,0
"924",10485.4794921875,0
"925",14048.7641601562,4
"926",12881.345703125,0
"927",9636.8037109375,0
"928",12060.6884765625,1
"929",13444.9272460938,4
"930",13248,0
"931",13485.7138671875,0
"932",13452.37890625,2
"933",14920.6484375,0
"934",15200,1
"935",13443.037109375,3
"936",13845.3330078125,0
"937",12991.51171875,0
"938",15114.8935546875,0
"939",14304.1474609375,4
"940",15380.7563476562,0
"941",13874.77734375,0
"942",14983.2729492188,3
"943",15217.0869140625,4
"944",15754.7412109375,3
"945",13044.7060546875,0
"946",12053.041015625,3
"947",12297.3095703125,0
"948",14129.0737304688,0
"949",15812.9228515625,0
"950",13702.1254882812,3
"951",15746,2
"952",12785.6420898438,0
"953",14985.8334960938,0
"954",14485.5532226562,4
"955",13010.1494140625,0
"956",14159.728515625,4
"957",12866.0708007812,0
"958",15170.1938476562,0
"959",9971.0927734375,0
"960",11950.080078125,1
"961",14022.2724609375,4
"962",14205.7553710938,0
"963",14888,2
"964",12119.1591796875,0
"965",12925.0908203125,0
"966",14859.0849609375,3
"967",14839.560546875,0
"968",15733.3330078125,0
"969",15121.7421875,4
"970",13693.830078125,0
"971",9846.02685546875,1
"972",14568.2958984375,0
"973",15845.208984375,4
"974",14852.197265625,2
"975",13822.9194335938,0
"976",14041.6000976562,0
"977",12362.8681640625,1
"978",7956.64526367188,4
"979",13180.2553710938,0
"980",12438.1147460938,0
"981",8228.70654296875,0
"982",12898.1337890625,4
"983",11929.2392578125,0
"984",15084.6411132812,1
"985",12433.8232421875,0
"986",15645.4545898438,0
"987",11817.9384765625,0
"988",12673.6982421875,0
"989",15118.2661132812,4
"990",11681.9462890625,3
"991",7605.33349609375,0
"992",10932.7099609375,4
"993",13098.5888671875,0
"994",16128,0
"995",15867.28515625,4
"996",13891.6420898438,0
"997",15159.4033203125,2
"998",11515.7573242188,0
"999",12238.087890625,0
"1000",14908.2353515625,1
"1001",15896.1684570312,0
"1002",13191.2451171875,3
"1003",13974.5693359375,4
"1004",15573.767578125,0
"1005",15543.7177734375,4
"1006",15309.6401367188,0
"1007",15668.7861328125,0
"1008",14930.9296875,4
"1009",14830.64453125,0
"1010",15429.818359375,0
"1011",10867.056640625,0
"1012",14502.400390625,0
"1013",13915.1577148438,1
"1014",12181.4892578125,0
"1015",8875.43359375,0
"1016",10978.6875,0
"1017",15800.3203125,4
"1018",12049.8603515625,2
"1019",13509.2783203125,1
"1020",12678.46484375,4
"1021",15859.4033203125,4
"1022",13736.322265625,2
"1023",13680.4482421875,0
"1024",14438.158203125,0
"1025",15791.9028320312,4
"1026",15994.4189453125,0
"1027",14951.6591796875,4
"1028",15089.77734375,2
"1029",11770.0219726562,0
"1030",15151.0205078125,2
"1031",13970.4106445312,0
"1032",14110.6870117188,2
"1033",13566.5737304688,1
"1034",13138.3959960938,0
"1035",15346.0361328125,0
"1036",12588.455078125,0
"1037",13131.3579101562,4
"1038",15056.5927734375,0
"1039",14101.3330078125,0
"1040",12463.5131835938,3
"1041",14405.189453125,3
"1042",15820.7998046875,0
"1043",14617.0439453125,3
"1044",12392.15234375,0
"1045",13740.3076171875,0
"1046",12365.99609375,0
"1047",15831.365234375,0
"1048",10897.8579101562,0
"1049",12359.5322265625,2
"1050",12713.7397460938,0
"1051",12781.4428710938,0
"1052",12734.7426757812,0
"1053",15672.888671875,1
"1054",11332.9228515625,0
"1055",15195.3002929688,3
"1056",14483.3427734375,0
"1057",12883.3828125,0
"1058",14220.3125,3
"1059",15835.4287109375,4
"1060",14052.8486328125,0
"1061",14440,0
"1062",14874.2387695312,2
"1063",15815.3100585938,4
"1064",15710.5234375,0
"1065",13929.1787109375,2
"1066",15740.2319335938,0
"1067",12452.73046875,0
"1068",15607.169921875,1
"1069",14340.0634765625,0
"1070",14374.5380859375,0
"1071",13263.443359375,1
"1072",11702.1923828125,0
"1073",13926.400390625,0
"1074",12040.521484375,0
"1075",15155.2001953125,2
"1076",15756.7998046875,4
"1077",13019.4287109375,1
"1078",13417.2626953125,1
"1079",14841.5458984375,4
"1080",12310.2607421875,4
"1081",15199.853515625,0
"1082",15260.2705078125,0
"1083",14500.1025390625,3
"1084",15507.576171875,1
"1085",12371.1997070312,3
"1086",14121.3774414062,4
"1087",14867.0634765625,0
"1088",13821.8115234375,0
"1089",12609.6674804688,2
"1090",15380.2109375,0
"1091",15440.9243164062,0
"1092",13948.8779296875,4
"1093",15371.2529296875,4
"1094",11510.150390625,0
"1095",15564.5893554688,4
"1096",11304.0966796875,3
"1097",13010.4111328125,0
"1098",12541.4404296875,2
"1099",12101.2641601562,0
"1100",15380.5200195312,0
"1101",12590.97265625,0
"1102",10983.80859375,2
"1103",11520,0
"1104",14635.0654296875,2
"1105",15224.5385742188,0
"1106",14321.1479492188,0
"1107",14481.98046875,3
"1108",15568.6323242188,4
"1109",15341.458984375,0
"1110",13435.7802734375,0
"1111",15681.015625,4
"1112",12663.7255859375,0
"1113",13650.5810546875,1
"1114",13824,4
"1115",15793.6328125,4
"1116",15726.27734375,0
"1117",13182.197265625,4
"1118",13056,0
"1119",14374,0
"1120",15176.478515625,2
"1121",13999.9086914062,1
"1122",15825.0234375,0
"1123",15178.4560546875,3
"1124",12012.3510742188,0
"1125",13979.296875,1
"1126",12407.466796875,0
"1127",11507.3247070312,0
"1128",11171.1015625,4
"1129",14536.34765625,3
"1130",12001.5126953125,1
"1131",15616,4
"1132",14918.8818359375,0
"1133",14620.5620117188,0
"1134",12658.8408203125,0
"1135",13989.1611328125,0
"1136",14459.87109375,0
"1137",14246.603515625,0
"1138",12490.2583007812,0
"1139",10938.181640625,0
"1140",14773.302734375,4
"1141",15378.044921875,4
"1142",12856.4072265625,0
"1143",15083.0673828125,0
"1144",14596.7412109375,3
"1145",15893.7514648438,2
"1146",11237.98828125,1
"1147",10458.947265625,1
"1148",14381.1767578125,3
"1149",10608.94140625,0
"1150",15758.3051757812,1
"1151",8152.888671875,0
"1152",13620.8129882812,4
"1153",15601.06640625,0
"1154",12890.3720703125,3
"1155",14808.4575195312,3
"1156",15316.7446289062,0
"1157",12808.904296875,1
"1158",15824.5927734375,0
"1159",14894.873046875,0
"1160",14999.7041015625,4
"1161",12996.935546875,1
"1162",14971.8579101562,4
"1163",14328.2924804688,0
"1164",11626.4580078125,3
"1165",14864,0
"1166",15941.818359375,1
"1167",13687.2739257812,0
"1168",15426.20703125,0
"1169",13470.3315429688,0
"1170",10970.2734375,0
"1171",12582.8857421875,0
"1172",15667.3989257812,1
"1173",15654.0737304688,0
"1174",13093.6474609375,0
"1175",13121.5556640625,0
"1176",12629.3330078125,0
"1177",15616,4
"1178",15357.984375,3
"1179",14013.8901367188,2
"1180",15851.3061523438,3
"1181",12416.7114257812,0
"1182",12604.7377929688,1
"1183",13064.8271484375,4
"1184",10772.7236328125,0
"1185",12024.4418945312,0
"1186",11363.9873046875,3
"1187",13691.328125,3
"1188",14354.2685546875,4
"1189",13303.873046875,3
"1190",15912.4208984375,0
"1191",14976,4
"1192",11767.4672851562,0
"1193",13304.2607421875,0
"1194",10980.3740234375,2
"1195",15015.494140625,3
"1196",14867.82421875,0
"1197",12197.2197265625,3
"1198",15096.888671875,4
"1199",15090.0361328125,1
"1200",13771.0341796875,0
"1201",14986.0673828125,3
"1202",15829.1381835938,2
"1203",13721.599609375,3
"1204",13715.5966796875,0
"1205",14884.5712890625,0
"1206",14080,3
"1207",11849.3579101562,0
"1208",14155.7880859375,0
"1209",12022.9321289062,0
"1210",12546.4213867188,0
"1211",14513.8725585938,4
"1212",12697.251953125,0
"1213",12965.6474609375,4
"1214",13411.7265625,1
"1215",15699.416015625,1
"1216",15347.8095703125,4
"1217",13314.9028320312,1
"1218",14252.3383789062,0
"1219",13929.0981445312,0
"1220",15713.8828125,1
"1221",11502.6005859375,0
"1222",15784.2646484375,0
"1223",14413.576171875,3
"1224",15805.1298828125,0
"1225",13753.755859375,0
"1226",12565.8432617188,0
"1227",13708.38671875,0
"1228",14073.2202148438,1
"1229",12428.7998046875,3
"1230",15959.6396484375,0
"1231",13353.9438476562,0
"1232",13238.2373046875,0
"1233",15780.345703125,3
"1234",15068.4536132812,0
"1235",14230.587890625,0
"1236",13448.8662109375,0
"1237",11095.9033203125,0
"1238",15450.2099609375,2
"1239",14734.22265625,0
"1240",14016,0
"1241",15038.1713867188,4
"1242",10810.1640625,1
"1243",15815.8955078125,0
"1244",14235.8544921875,0
"1245",14252.8828125,0
"1246",12714.0737304688,2
"1247",14936.7270507812,0
"1248",15589.052734375,0
"1249",14543.05859375,0
"1250",14166.2607421875,1
"1251",15249.6552734375,1
"1252",14782.171875,0
"1253",15052.6767578125,0
"1254",14192.94140625,1
"1255",13324.1904296875,2
"1256",14804.296875,0
"1257",13770.4189453125,1
"1258",13012.7573242188,1
"1259",15971.265625,4
"1260",14401.48828125,2
"1261",15585.08203125,4
"1262",11746.623046875,1
"1263",14413.576171875,0
"1264",15424,0
"1265",16061.814453125,3
"1266",12539.4692382812,0
"1267",10442,0
"1268",15861.2436523438,0
"1269",15725.7138671875,0
"1270",13373.6171875,0
"1271",11824.607421875,0
"1272",11993.98046875,3
"1273",11250.2861328125,0
"1274",15728.390625,2
"1275",14127.54296875,0
"1276",15224.3896484375,3
"1277",14561.0546875,0
"1278",10860.3076171875,0
"1279",14161.919921875,3
"1280",14756.8916015625,2
"1281",10602.3388671875,1
"1282",14606.951171875,0
"1283",15685.3828125,0
"1284",13194.8798828125,0
"1285",14246.0537109375,2
"1286",15297.4575195312,0
"1287",15106.5600585938,4
"1288",14610.1171875,3
"1289",12267.57421875,3
"1290",11762.626953125,0
"1291",15748.7412109375,4
"1292",10213.4936523438,0
"1293",14694.0112304688,1
"1294",14933.9301757812,0
"1295",13700.9604492188,4
"1296",13597.7294921875,0
"1297",14809.2841796875,0
"1298",14803.2451171875,0
"1299",15763.2001953125,3
"1300",13388,2
"1301",11881.8134765625,0
"1302",12937.845703125,4
"1303",13264.5927734375,4
"1304",14749.95703125,3
"1305",13772.7998046875,3
"1306",13586.3251953125,3
"1307",15737.599609375,4
"1308",12906.5122070312,3
"1309",13049.0810546875,3
"1310",15691.2939453125,0
"1311",11309.7602539062,2
"1312",13051.4711914062,3
"1313",12312.701171875,0
"1314",14770.423828125,1
"1315",15656.5546875,4
"1316",12636.439453125,0
"1317",15679.78515625,4
"1318",12803.4868164062,0
"1319",13496.888671875,0
"1320",13759.8325195312,4
"1321",14468.2197265625,0
"1322",15872,0
"1323",15832.412109375,0
"1324",15443.3466796875,0
"1325",13205.2021484375,0
"1326",13914.708984375,0
"1327",15798.1059570312,0
"1328",13786.380859375,2
"1329",15578.1762695312,0
"1330",13714.759765625,1
"1331",12857.5283203125,0
"1332",14570.6860351562,0
"1333",14673.6762695312,4
"1334",12545.2202148438,0
"1335",8691.8095703125,2
"1336",12135.55078125,3
"1337",14876.4443359375,0
"1338",12306.0576171875,0
"1339",15177.6435546875,3
"1340",13654.05078125,0
"1341",14159.900390625,3
"1342",15438.2890625,4
"1343",15051.9326171875,1
"1344",13237.3330078125,4
"1345",12051.9111328125,0
"1346",15001.0078125,0
"1347",13832.7690429688,3
"1348",15096.580078125,0
"1349",15302.193359375,0
"1350",14608.3408203125,2
"1351",12115.876953125,9
"1352",13984.1059570312,2
"1353",14938.6669921875,0
"1354",13104.5517578125,0
"1355",12549.6884765625,0
"1356",13131.236328125,0
"1357",12048.5502929688,0
"1358",14072.033203125,0
"1359",12708.5712890625,0
"1360",15074.3227539062,0
"1361",14829.1767578125,0
"1362",15318.361328125,0
"1363",13215.45703125,1
"1364",13959.7680664062,4
"1365",12753.7626953125,0
"1366",12067.6337890625,3
"1367",13015.771484375,0
"1368",14577.77734375,0
"1369",15843.5556640625,4
"1370",15502.1528320312,0
"1371",14104.380859375,0
"1372",11651.2001953125,0
"1373",14014.3354492188,1
"1374",15509.736328125,3
"1375",13226.6669921875,0
"1376",13206.857421875,3
"1377",14205.4404296875,2
"1378",14035.1103515625,3
"1379",15597.7138671875,0
"1380",13485.1767578125,2
"1381",14129.6083984375,1
"1382",14957.7138671875,0
"1383",14542.3706054688,4
"1384",13294.4658203125,0
"1385",13546.3359375,4
"1386",15780.9140625,3
"1387",12117.064453125,2
"1388",14766.376953125,4
"1389",14538.376953125,3
"1390",13705.724609375,2
"1391",14623.23828125,4
"1392",12693.2163085938,1
"1393",15080.1865234375,4
"1394",9109.6103515625,0
"1395",15090.3754882812,0
"1396",12373.1079101562,0
"1397",14061.494140625,0
"1398",15650.7958984375,4
"1399",14236.8671875,0
"1400",13973.8403320312,0
"1401",12874.5610351562,0
"1402",14950.2338867188,0
"1403",14729.599609375,0
"1404",12220.322265625,4
"1405",15717.109375,0
"1406",14805.603515625,1
"1407",13995.7265625,0
"1408",13968.068359375,0
"1409",14261.0908203125,0
"1410",13955.58203125,0
"1411",14576.76171875,0
"1412",12381.3642578125,0
"1413",12641.3383789062,2
"1414",14327.861328125,4
"1415",13064.4580078125,0
"1416",14061.9716796875,2
"1417",9805.14599609375,0
"1418",13464.4975585938,1
"1419",15315.4907226562,0
"1420",15111.638671875,0
"1421",13140.29296875,0
"1422",11577.6904296875,0
"1423",12773.517578125,0
"1424",13952.9921875,1
"1425",15317.4404296875,4
"1426",15570.2861328125,0
"1427",13312,1
"1428",13883.3916015625,0
"1429",14307.5556640625,1
"1430",14626.3295898438,2
"1431",13391.5234375,0
"1432",12809.845703125,0
"1433",12697.599609375,1
"1434",15552,1
"1435",14406.220703125,0
"1436",13666.583984375,0
"1437",14387.0141601562,0
"1438",13055.3671875,3
"1439",14291.5322265625,2
"1440",15120,3
"1441",13604.248046875,4
"1442",13079.87109375,3
"1443",14734.4516601562,4
"1444",15854.93359375,0
"1445",13610.2412109375,4
"1446",15507.7109375,3
"1447",15825.9448242188,3
"1448",12834.1420898438,0
"1449",11933.828125,0
"1450",11042.7885742188,2
"1451",15103.6987304688,1
"1452",15468.064453125,3
"1453",14494.6577148438,0
"1454",13610,1
"1455",13434.9248046875,0
"1456",10869.6220703125,1
"1457",13950.958984375,0
"1458",15941.818359375,3
"1459",14484.48046875,0
"1460",13541.517578125,4
"1461",12733.2880859375,2
"1462",15360,1
"1463",14347.1303710938,0
"1464",12619.71875,0
"1465",15681.31640625,2
"1466",13571.408203125,0
"1467",15497.115234375,0
"1468",13107.7670898438,1
"1469",14452.6528320312,4
"1470",14300.7436523438,4
"1471",13972.6303710938,0
"1472",15363.4130859375,3
"1473",14299.947265625,0
"1474",15700.55859375,4
"1475",10573.6630859375,0
"1476",11182.3447265625,0
"1477",14370.9091796875,3
"1478",13628.2534179688,0
"1479",14234.4370117188,0
"1480",15986.7587890625,4
"1481",14501.7045898438,0
"1482",14199.3715820312,3
"1483",9765.2978515625,0
"1484",12786.68359375,0
"1485",11865.3149414062,0
"1486",15349.5048828125,4
"1487",15896.7744140625,0
"1488",13888.2861328125,0
"1489",15835.4287109375,3
"1490",13364.69921875,0
"1491",13891.5610351562,1
"1492",13448.041015625,0
"1493",15831.4877929688,3
"1494",12845.0107421875,1
"1495",15749.8637695312,0
"1496",15165.4404296875,0
"1497",14068.8212890625,0
"1498",15046.15625,3
"1499",15472.8227539062,1
"1500",12710.400390625,1
"1501",15156.7890625,3
"1502",12687.1396484375,4
"1503",14833.37109375,0
"1504",15365.447265625,2
"1505",12731.6533203125,3
"1506",13407.3193359375,0
"1507",14499.49609375,1
"1508",12580.8818359375,3
"1509",15111.6796875,2
"1510",14219.8154296875,4
"1511",11885.7138671875,0
"1512",10407.724609375,2
"1513",15700.59765625,4
"1514",15976.2958984375,0
"1515",13340.09375,0
"1516",12818.2861328125,0
"1517",15755.63671875,0
"1518",12996.3837890625,2
"1519",14156.1083984375,0
"1520",11864,4
"1521",14562.1337890625,0
"1522",12173.0615234375,0
"1523",10805.3330078125,1
"1524",14800.841796875,0
"1525",11010.7231445312,0
"1526",12136.6025390625,1
"1527",11646.2705078125,0
"1528",15144.0639648438,0
"1529",15647.3569335938,3
"1530",14883.849609375,1
"1531",15867.87109375,0
"1532",13018.8388671875,4
"1533",14092.3369140625,0
"1534",14289.982421875,0
"1535",13148.4443359375,3
"1536",14544.703125,3
"1537",14983.9643554688,3
"1538",14814.5854492188,1
"1539",11533.0615234375,0
"1540",14622.7124023438,3
"1541",14300,1
"1542",15702.44140625,1
"1543",11631.2060546875,1
"1544",12977.046875,0
"1545",15974.673828125,4
"1546",12597.2338867188,0
"1547",13532.978515625,0
"1548",15367.6796875,4
"1549",14896.5830078125,0
"1550",12668.0961914062,0
"1551",15839.2895507812,3
"1552",14302.6879882812,0
"1553",13578.9716796875,2
"1554",15573.91796875,3
"1555",15384,0
"1556",11601.748046875,0
"1557",12288,0
"1558",15060.732421875,4
"1559",14108.1811523438,0
"1560",14462.29296875,1
"1561",13534.3520507812,1
"1562",13954.3486328125,0
"1563",15267.5224609375,0
"1564",15710.5903320312,0
"1565",15799.4033203125,3
"1566",14205.9013671875,2
"1567",12225.41015625,3
"1568",14246.400390625,0
"1569",9326.7421875,0
"1570",14099.3203125,0
"1571",10496.7163085938,0
"1572",15812.9228515625,3
"1573",14461.6728515625,0
"1574",12679.451171875,3
"1575",11452.6318359375,3
"1576",12110.4072265625,0
"1577",14053.3442382812,0
"1578",15164.9521484375,0
"1579",11277.755859375,0
"1580",9936.2392578125,4
"1581",12537.435546875,0
"1582",11193.599609375,3
"1583",14243.83984375,2
"1584",11127.466796875,0
"1585",14346.8540039062,0
"1586",14832.24609375,4
"1587",14338.6538085938,4
"1588",13603.2587890625,0
"1589",13137.251953125,0
"1590",11573.4516601562,0
"1591",13495.546875,4
"1592",13603.9296875,0
"1593",15746.24609375,0
"1594",12277.3330078125,3
"1595",14944.7666015625,0
"1596",14230.857421875,3
"1597",15383.2724609375,4
"1598",14444.7998046875,3
"1599",14859.28125,0
"1600",15574.486328125,1
"1601",15813.4853515625,2
"1602",15839.7631835938,2
"1603",13527.4663085938,0
"1604",12030.03125,0
"1605",13551.158203125,0
"1606",15244.7998046875,4
"1607",10282.3837890625,0
"1608",11073.3920898438,1
"1609",12322.2861328125,1
"1610",15357.5615234375,2
"1611",14915.78125,4
"1612",14733.373046875,0
"1613",14081.9541015625,0
"1614",13618.2861328125,0
"1615",10669.3671875,0
"1616",14721.1665039062,0
"1617",13732.69921875,1
"1618",15707.3994140625,2
"1619",13888.5473632812,1
"1620",12946.2861328125,0
"1621",15598.0815429688,4
"1622",12404.0966796875,0
"1623",12659.1240234375,0
"1624",14970.7622070312,1
"1625",15932.9521484375,0
"1626",12262.1206054688,0
"1627",12989.65234375,0
"1628",13159.9877929688,1
"1629",15549.2744140625,1
"1630",9217.4677734375,0
"1631",14075.96875,3
"1632",11550.3959960938,0
"1633",9802.240234375,0
"1634",14707.8740234375,0
"1635",14105.599609375,4
"1636",14425.595703125,1
"1637",14155.0341796875,2
"1638",13270.4208984375,0
"1639",12891.142578125,0
"1640",13512.34765625,2
"1641",10594.3383789062,4
"1642",12168.9614257812,4
"1643",13695.30859375,4
"1644",13119.2583007812,1
"1645",15570.4501953125,0
"1646",14935.771484375,0
"1647",15766.587890625,0
"1648",15616,2
"1649",13131.8515625,4
"1650",15767.6450195312,4
"1651",15440.0732421875,4
"1652",13444.21875,0
"1653",13345.3916015625,0
"1654",13722.5224609375,1
"1655",13399.2724609375,4
"1656",14295.5561523438,0
"1657",14186.146484375,2
"1658",14118.912109375,0
"1659",14870.1323242188,1
"1660",13843.2001953125,0
"1661",14128.5517578125,1
"1662",13596.4443359375,4
"1663",13373.173828125,4
"1664",12554.9716796875,2
"1665",12922.4067382812,3
"1666",13537.0322265625,0
"1667",14774.857421875,4
"1668",16128,0
"1669",10768.623046875,0
"1670",14747.7055664062,0
"1671",13020.0703125,3
"1672",15838.1884765625,4
"1673",14770.763671875,0
"1674",12983.01953125,3
"1675",15327.10546875,0
"1676",14407.44140625,0
"1677",13121.1640625,0
"1678",9775.0205078125,2
"1679",13135.7036132812,2
"1680",11870.611328125,0
"1681",14969.705078125,0
"1682",14672.1923828125,0
"1683",11870.939453125,0
"1684",12476.2978515625,4
"1685",11196.4072265625,3
"1686",12300.1904296875,0
"1687",15276.6987304688,3
"1688",9231.158203125,1
"1689",13744.908203125,0
"1690",15828.9877929688,0
"1691",10438.8349609375,3
"1692",10319.5307617188,0
"1693",14453.4526367188,3
"1694",15932.9521484375,0
"1695",14653.4736328125,1
"1696",13403.5043945312,0
"1697",11997.1953125,0
"1698",13663.4165039062,0
"1699",13567.3256835938,1
"1700",15866.552734375,4
"1701",12984.580078125,0
"1702",15203.6557617188,0
"1703",11846.8920898438,0
"1704",12823.5791015625,2
"1705",12143.2138671875,1
"1706",14271.6650390625,0
"1707",12424.2397460938,0
"1708",12414.6040039062,4
"1709",13270.28125,3
"1710",15000.4213867188,4
"1711",14237.9536132812,3
"1712",14716.4926757812,2
"1713",15261.90625,3
"1714",15851.2294921875,3
"1715",14863.05859375,4
"1716",14588.1215820312,1
"1717",15324.5869140625,0
"1718",13712.6953125,2
"1719",14717.2177734375,4
"1720",14541.1298828125,4
"1721",14771.953125,0
"1722",14734.3134765625,0
"1723",15840.5615234375,9
"1724",13599.306640625,4
"1725",13232.671875,0
"1726",13955.458984375,0
"1727",15860.869140625,4
"1728",15433.142578125,0
"1729",12977.5185546875,0
"1730",12100.435546875,0
"1731",14987.63671875,4
"1732",13136.45703125,0
"1733",15596.6796875,0
"1734",15159.794921875,0
"1735",12993.724609375,3
"1736",13481.0434570312,4
"1737",15411.2001953125,3
"1738",15793.9150390625,0
"1739",15492,4
"1740",14336,4
"1741",15446.587890625,2
"1742",14046.072265625,3
"1743",16128,4
"1744",16003.87890625,3
"1745",12832,1
"1746",15412.0673828125,4
"1747",12398.703125,4
"1748",13129.201171875,0
"1749",14755.9838867188,3
"1750",11256.5439453125,0
"1751",11868.5766601562,4
"1752",15945.955078125,0
"1753",12694.421875,0
"1754",13927.111328125,0
"1755",15702.646484375,4
"1756",13648.056640625,2
"1757",14620.7998046875,3
"1758",14451.267578125,4
"1759",9956.3740234375,2
"1760",14532.0053710938,0
"1761",15472.0546875,0
"1762",14678.1962890625,4
"1763",15850.3198242188,0
"1764",12980.9658203125,2
"1765",11600.1923828125,0
"1766",12931.87890625,0
"1767",13818.552734375,0
"1768",12412.8071289062,0
"1769",16128,3
"1770",14184,0
"1771",15240.533203125,3
"1772",15863.7421875,2
"1773",14385.3037109375,0
"1774",13445.818359375,1
"1775",14529.361328125,1
"1776",12115.1455078125,0
"1777",12986.74609375,0
"1778",13668.9580078125,3
"1779",14064.197265625,3
"1780",14574.93359375,0
"1781",12131.955078125,0
"1782",11277.4736328125,0
"1783",15210.4653320312,4
"1784",14484.3173828125,0
"1785",13555.0703125,0
"1786",13670.400390625,0
"1787",14730.8002929688,3
"1788",14781.4204101562,0
"1789",12948.2109375,3
"1790",12074.2856445312,3
"1791",15174.892578125,4
"1792",15790.2016601562,0
"1793",13863.384765625,0
"1794",15568.0068359375,3
"1795",14855.7578125,0
"1796",14307.5556640625,4
"1797",15062.4545898438,0
"1798",11866.181640625,0
"1799",14808.4365234375,2
"1800",14104.380859375,4
"1801",15810.20703125,2
"1802",14763.5932617188,4
"1803",15771.6826171875,4
"1804",15607.6064453125,3
"1805",13867.5874023438,0
"1806",15032.6552734375,0
"1807",15773.6811523438,4
"1808",15407.6259765625,3
"1809",15058.1494140625,4
"1810",14546.2861328125,2
"1811",15341.1767578125,4
"1812",15114.6669921875,4
"1813",13214.8515625,2
"1814",15570.4111328125,0
"1815",15845.517578125,4
"1816",12605.7270507812,0
"1817",15759.0092773438,2
"1818",14619.056640625,0
"1819",11936.8203125,0
"1820",15690.203125,0
"1821",14686.041015625,0
"1822",14940.0161132812,4
"1823",14771.0366210938,0
"1824",15560,4
"1825",15835.3354492188,0
"1826",13771.8583984375,3
"1827",13622.6088867188,0
"1828",15755.63671875,4
"1829",15653.1611328125,0
"1830",14424.81640625,0
"1831",15714.806640625,4
"1832",14373.0874023438,0
"1833",13486.185546875,0
"1834",11987.0693359375,0
"1835",15590.1411132812,0
"1836",15394.3876953125,4
"1837",13843.2690429688,2
"1838",15062.7099609375,4
"1839",14671.1694335938,4
"1840",15650.8344726562,4
"1841",12760.275390625,1
"1842",14287.6982421875,0
"1843",14506.3662109375,0
"1844",12694.7553710938,1
"1845",13962.6665039062,4
"1846",16003.4213867188,0
"1847",15230.419921875,0
"1848",9466.552734375,0
"1849",14132.869140625,0
"1850",15502.22265625,0
"1851",11424.154296875,0
"1852",15656.7783203125,2
"1853",11880.7524414062,0
"1854",10992.1831054688,3
"1855",14502.7880859375,0
"1856",13476.8818359375,3
"1857",16008.533203125,0
"1858",15695.7373046875,0
"1859",11475.02734375,2
"1860",15619.5556640625,0
"1861",16128,4
"1862",15086.93359375,0
"1863",12443.8173828125,0
"1864",13309.1186523438,0
"1865",10166.4682617188,0
"1866",12705.3916015625,0
"1867",13462.2241210938,2
"1868",15258.0859375,0
"1869",12988.14453125,4
"1870",15215.3046875,4
"1871",13986.1337890625,3
"1872",15616,0
"1873",15925.1098632812,4
"1874",12715.4702148438,2
"1875",15013.9135742188,4
"1876",15682.6298828125,4
"1877",14949.8779296875,0
"1878",14403.541015625,0
"1879",15763.2001953125,0
"1880",15250.6181640625,0
"1881",14718.29296875,4
"1882",14434.8950195312,0
"1883",12166.5209960938,3
"1884",15824,0
"1885",16058.181640625,0
"1886",15367.189453125,4
"1887",16024.3037109375,0
"1888",15565.484375,3
"1889",10991.00390625,3
"1890",13702.9233398438,2
"1891",14978.0512695312,4
"1892",15751.111328125,2
"1893",15750.7841796875,4
"1894",14744.3251953125,0
"1895",14976,4
"1896",13105.7265625,0
"1897",15152.8203125,1
"1898",14126.0688476562,0
"1899",12112,0
"1900",10200.1596679688,0
"1901",13877.78125,2
"1902",14808.0483398438,3
"1903",15024,2
"1904",15689.3286132812,0
"1905",13454.22265625,0
"1906",12412.12109375,0
"1907",14852.7163085938,0
"1908",10756.3388671875,0
"1909",14811.7944335938,0
"1910",15440,4
"1911",14238.896484375,0
"1912",13593.09765625,4
"1913",14199.1728515625,0
"1914",14808.423828125,0
"1915",15519.4755859375,0
"1916",14489.599609375,4
"1917",13370.8051757812,3
"1918",14669.6459960938,0
"1919",12034.265625,0
"1920",15357.3232421875,1
"1921",15360,4
"1922",15370.3764648438,0
"1923",15602.8720703125,0
"1924",13557.3330078125,3
"1925",15158.5883789062,3
"1926",13019.0224609375,0
"1927",15932.9521484375,0
"1928",14085.3334960938,0
"1929",12921.0546875,3
"1930",10536.212890625,1
"1931",14214.4477539062,3
"1932",15603.357421875,3
"1933",14790.8759765625,0
"1934",12371.04296875,0
"1935",11063.6508789062,0
"1936",14969.2626953125,0
"1937",14580.2348632812,0
"1938",15054.22265625,4
"1939",14481.53515625,0
"1940",14104,3
"1941",15256.427734375,0
"1942",15379.1044921875,0
"1943",14896.2099609375,0
"1944",15463.619140625,4
"1945",13686.8344726562,4
"1946",13568,0
"1947",16128,3
"1948",15219.9990234375,1
"1949",13222.5014648438,0
"1950",14662.478515625,0
"1951",13315.9384765625,4
"1952",13148.7998046875,0
"1953",14912.955078125,3
"1954",11445.1303710938,0
"1955",13799.5576171875,4
"1956",14697.599609375,2
"1957",13091.83984375,0
"1958",14925.4453125,0
"1959",15707.2412109375,0
"1960",14464,3
"1961",15099.6611328125,0
"1962",10907.63671875,1
"1963",13657.4750976562,3
"1964",15033.806640625,4
"1965",15001.599609375,0
"1966",16012.5971679688,2
"1967",15164.9521484375,3
"1968",11951.0942382812,0
"1969",15429.189453125,0
"1970",15234.7094726562,0
"1971",14871.5400390625,0
"1972",15480.8110351562,0
"1973",15910.56640625,3
"1974",14114.5166015625,0
"1975",10952.2963867188,2
"1976",14641.9252929688,4
"1977",13662.5649414062,4
"1978",15069.2875976562,4
"1979",11115.3227539062,2
"1980",15114.240234375,0
"1981",14392.4072265625,0
"1982",14670.6430664062,2
"1983",14946.4619140625,0
"1984",14326.400390625,2
"1985",14365.921875,0
"1986",14707.8598632812,4
"1987",15655.384765625,4
"1988",14152.0161132812,0
"1989",14598.3466796875,0
"1990",15319.7861328125,0
"1991",13492.0927734375,0
"1992",15027.6948242188,1
"1993",12850.1997070312,0
"1994",13244.2861328125,0
"1995",14204.12109375,2
"1996",12770.623046875,0
"1997",15398.697265625,0
"1998",11197.3701171875,0
"1999",12597.4487304688,4
"2000",15230.8466796875,4
"2001",14712.404296875,4
"2002",15113.697265625,2
"2003",15440.4213867188,0
"2004",15880.3686523438,2
"2005",13385.142578125,4
"2006",11151.1865234375,0
"2007",13484.7998046875,0
"2008",12143.5244140625,0
"2009",15718.400390625,3
"2010",15831.5458984375,1
"2011",13826.0048828125,0
"2012",14910.5888671875,0
"2013",15528.5849609375,4
"2014",14239.7143554688,0
"2015",14714.5048828125,2
"2016",14792.5581054688,0
"2017",14033.9873046875,0
"2018",14541.5590820312,4
"2019",13142.3706054688,0
"2020",14609.9086914062,4
"2021",13337.2006835938,0
"2022",15786.6669921875,0
"2023",14815.7182617188,0
"2024",15402.6669921875,3
"2025",13984,0
"2026",14784.7529296875,3
"2027",14223.087890625,4
"2028",15343.251953125,0
"2029",15674.5146484375,0
"2030",14074.767578125,4
"2031",13854.5336914062,0
"2032",13773.2729492188,3
"2033",15425.361328125,4
"2034",12495.9604492188,0
"2035",12790.154296875,1
"2036",15741.5849609375,0
"2037",15506.2861328125,1
"2038",15628.4985351562,3
"2039",12541.6298828125,3
"2040",11171.404296875,0
"2041",15798.857421875,0
"2042",12232.8271484375,0
"2043",15681.69921875,0
"2044",13572.6591796875,3
"2045",13502.5776367188,3
"2046",14192.6396484375,0
"2047",12755.2001953125,0
"2048",12111.4482421875,0
"2049",14772.1484375,0
"2050",15073.15625,3
"2051",11759.5595703125,0
"2052",13849.2612304688,2
"2053",14610.2934570312,3
"2054",11925.109375,0
"2055",15429.1767578125,0
"2056",15923.2001953125,3
"2057",15073.8959960938,0
"2058",15467.3544921875,4
"2059",12136.1357421875,2
"2060",13281.8237304688,0
"2061",15268.5712890625,0
"2062",14894.5874023438,2
"2063",10086.400390625,0
"2064",13009.2143554688,0
"2065",15779.404296875,0
"2066",15272.8505859375,0
"2067",13508.4970703125,0
"2068",15764.7275390625,0
"2069",14311.8486328125,4
"2070",15645.767578125,2
"2071",15047.3364257812,3
"2072",15824.6953125,0
"2073",13405.4052734375,0
"2074",15028.0981445312,0
"2075",12822.4536132812,4
"2076",14756.4375,0
"2077",14203.111328125,4
"2078",14194.8720703125,4
"2079",13924.4106445312,0
"2080",15323.4287109375,0
"2081",15685.8588867188,0
"2082",13984.8203125,0
"2083",15183.5673828125,2
"2084",14739.2553710938,3
"2085",15256.380859375,3
"2086",15314.4501953125,0
"2087",14640.8564453125,0
"2088",12724.5322265625,2
"2089",15594.6665039062,0
"2090",15704.3286132812,4
"2091",13244.603515625,0
"2092",12454.1201171875,0
"2093",15858.861328125,4
"2094",12964.5712890625,0
"2095",14625.57421875,3
"2096",14396.2270507812,0
"2097",12335.158203125,0
"2098",9967.376953125,0
"2099",13562.947265625,1
"2100",13977.599609375,4
"2101",14573.1767578125,1
"2102",14650.5146484375,4
"2103",15822.95703125,0
"2104",15813.4858398438,3
"2105",13264.45703125,0
"2106",14344.9741210938,0
"2107",14241.3916015625,3
"2108",14564.4521484375,0
"2109",15674.181640625,4
"2110",12749.4013671875,3
"2111",15360,4
"2112",13457.986328125,0
"2113",15197.8901367188,4
"2114",10511.8188476562,0
"2115",10870.1201171875,0
"2116",13619.716796875,0
"2117",15400.6772460938,0
"2118",15755.63671875,0
"2119",15820.7998046875,4
"2120",14265.029296875,4
"2121",15367.111328125,0
"2122",13809.6181640625,4
"2123",14801.77734375,0
"2124",15388.4443359375,2
"2125",11190.6708984375,3
"2126",14364.7729492188,4
"2127",15526.5244140625,0
"2128",14368.4936523438,0
"2129",12437.7651367188,4
"2130",15342.6489257812,0
"2131",13598.2416992188,4
"2132",15497.3662109375,4
"2133",15069.5380859375,4
"2134",11742.814453125,0
"2135",15755.9912109375,3
"2136",14317.7138671875,3
"2137",15206.400390625,4
"2138",15115.2939453125,1
"2139",12086.857421875,4
"2140",11839.1689453125,4
"2141",16128,2
"2142",15576.275390625,0
"2143",13674.9365234375,1
"2144",15927.65234375,4
"2145",10299.8134765625,1
"2146",13308.1977539062,0
"2147",15718.400390625,4
"2148",13848.0942382812,4
"2149",15879.7578125,0
"2150",15347.8095703125,1
"2151",13461.6884765625,0
"2152",11747.3916015625,3
"2153",14831.794921875,0
"2154",11711.51171875,0
"2155",12157.173828125,3
"2156",16128,0
"2157",15724.6591796875,3
"2158",12168.0561523438,0
"2159",15244.6201171875,3
"2160",14657.640625,3
"2161",13149.5361328125,3
"2162",12532.2744140625,4
"2163",14124.9296875,2
"2164",11915.2939453125,0
"2165",13932.5151367188,0
"2166",10662.697265625,0
"2167",15284.458984375,4
"2168",13672.6025390625,1
"2169",15120.5166015625,0
"2170",13594.181640625,0
"2171",15790.7690429688,0
"2172",15454.814453125,2
"2173",9111.55419921875,0
"2174",15516,4
"2175",11844.3037109375,0
"2176",13290.6669921875,4
"2177",15540.9462890625,0
"2178",14971.2592773438,0
"2179",14170.07421875,0
"2180",13476.5712890625,0
"2181",11163.7333984375,0
"2182",13149.4052734375,0
"2183",13035.9892578125,0
"2184",14488.1376953125,0
"2185",15715.5556640625,3
"2186",15734.9643554688,0
"2187",13996.2958984375,4
"2188",15003.4287109375,4
"2189",14279.6796875,2
"2190",11016.904296875,4
"2191",14292.984375,0
"2192",10837.8618164062,0
"2193",15442.4892578125,4
"2194",12531.8198242188,0
"2195",15172.0083007812,4
"2196",14712.7548828125,3
"2197",13530.794921875,3
"2198",12756,0
"2199",14596.3388671875,4
"2200",14795.0341796875,0
"2201",14992,4
"2202",12734,0
"2203",15445.3330078125,2
"2204",14694.1884765625,1
"2205",14389.3330078125,0
"2206",14373.3330078125,2
"2207",15589.6474609375,0
"2208",14661.0341796875,0
"2209",13145.4453125,4
"2210",14447.0087890625,0
"2211",14775.3515625,0
"2212",11942.3291015625,1
"2213",11946.2915039062,0
"2214",13458.2861328125,0
"2215",15550.8359375,4
"2216",9398.857421875,1
"2217",15861.4350585938,4
"2218",14465.96875,0
"2219",12556.4614257812,4
"2220",14056.7275390625,0
"2221",14104.9755859375,0
"2222",15404.97265625,0
"2223",15129.318359375,0
"2224",15570.1494140625,4
"2225",12289.6411132812,2
"2226",14850.20703125,0
"2227",14858.9677734375,0
"2228",13986.9091796875,0
"2229",13464.806640625,0
"2230",14477.552734375,3
"2231",14577.93359375,4
"2232",12474.3681640625,2
"2233",13526.8681640625,0
"2234",15327.1796875,2
"2235",15861.9536132812,4
"2236",15737.4360351562,4
"2237",11602.869140625,0
"2238",11963.1826171875,4
"2239",13508.76171875,0
"2240",15535.9086914062,2
"2241",14278.4892578125,0
"2242",15067.4287109375,0
"2243",15044.1704101562,4
"2244",15405.1767578125,2
"2245",13082.947265625,0
"2246",15547.3173828125,4
"2247",14482.2861328125,2
"2248",14693.8369140625,2
"2249",14149.9404296875,2
"2250",14125.1767578125,0
"2251",15761.3330078125,4
"2252",15914.3198242188,4
"2253",15604.6220703125,0
"2254",15241.845703125,0
"2255",14343.314453125,0
"2256",15612.3427734375,2
"2257",14282.9848632812,2
"2258",14120.5322265625,0
"2259",13534.1196289062,3
"2260",15218.3828125,0
"2261",15968.388671875,1
"2262",15269.6474609375,0
"2263",14779.5859375,0
"2264",13670.1889648438,2
"2265",13497.123046875,0
"2266",14510.2524414062,4
"2267",15780.8818359375,0
"2268",15240.662109375,0
"2269",14018.232421875,0
"2270",14687.3193359375,0
"2271",15390.697265625,3
"2272",13244.900390625,0
"2273",15794.6044921875,4
"2274",15098.8798828125,0
"2275",14211.7646484375,0
"2276",14175.111328125,4
"2277",14998.1362304688,0
"2278",15954.3784179688,4
"2279",14679.357421875,4
"2280",12228.97265625,1
"2281",15828.6040039062,3
"2282",13430.876953125,0
"2283",15372.755859375,0
"2284",15471.3046875,4
"2285",10933.4536132812,1
"2286",14618.8388671875,3
"2287",15070.2211914062,3
"2288",15144.8935546875,0
"2289",14952.3564453125,0
"2290",15441.1708984375,1
"2291",15449.82421875,0
"2292",15466.6669921875,3
"2293",13298.5263671875,0
"2294",14539.4150390625,0
"2295",13592.7744140625,0
"2296",14578.7778320312,0
"2297",14847.5141601562,4
"2298",13461.9609375,1
"2299",14949.6474609375,1
"2300",14267.453125,1
"2301",15765.3330078125,0
"2302",13917.767578125,1
"2303",13843.3203125,1
"2304",14626.994140625,0
"2305",11726.3671875,0
"2306",14472.083984375,2
"2307",14592,0
"2308",15332.1245117188,4
"2309",11130.1372070312,0
"2310",15014.400390625,0
"2311",11698.6044921875,0
"2312",14497.0791015625,0
"2313",12222.5986328125,2
"2314",13947.482421875,3
"2315",12451.4155273438,0
"2316",14884.392578125,0
"2317",15732.869140625,0
"2318",14720,1
"2319",14495.4926757812,0
"2320",15290.2612304688,0
"2321",12136.5581054688,1
"2322",14252,3
"2323",13466.7475585938,1
"2324",12194.4619140625,0
"2325",13010.9125976562,4
"2326",12895.740234375,0
"2327",10211.388671875,0
"2328",9966.5703125,0
"2329",15171.5556640625,0
"2330",9941.1962890625,0
"2331",13225.599609375,0
"2332",15310.5966796875,0
"2333",10938.6665039062,0
"2334",13644.4677734375,4
"2335",14878.1171875,3
"2336",14644.4907226562,3
"2337",15071.4868164062,0
"2338",14718.6240234375,0
"2339",15979.1630859375,1
"2340",14752.515625,0
"2341",14649.1108398438,0
"2342",13824,1
"2343",13382.4931640625,0
"2344",14475.890625,0
"2345",9175.365234375,1
"2346",15939.4536132812,4
"2347",10746.9306640625,0
"2348",10247.2265625,1
"2349",13085.5380859375,0
"2350",11710.3857421875,0
"2351",10776.2182617188,4
"2352",15780.5712890625,0
"2353",15112.0161132812,4
"2354",15786.6669921875,3
"2355",13152,1
"2356",12794.828125,1
"2357",12503.0209960938,0
"2358",13568.7998046875,0
"2359",15396.6103515625,0
"2360",15673.8510742188,0
"2361",15623.95703125,4
"2362",15488.0908203125,0
"2363",15887.05859375,3
"2364",11135.9033203125,0
"2365",15306.8681640625,0
"2366",11648.3071289062,4
"2367",12768.2504882812,0
"2368",8586.541015625,1
"2369",10187.3974609375,0
"2370",10646.9365234375,1
"2371",10171.3173828125,0
"2372",12269.7138671875,9
"2373",13340.939453125,0
"2374",13608.0966796875,0
"2375",11890.330078125,1
"2376",12527.111328125,1
"2377",12686.62890625,1
"2378",15474.4711914062,3
"2379",11335.5703125,2
"2380",14013.2177734375,3
"2381",13193.5517578125,0
"2382",13492.7060546875,4
"2383",14319.3935546875,2
"2384",14307.34375,0
"2385",13898.8090820312,2
"2386",15440.94140625,3
"2387",15195.4125976562,0
"2388",12697.599609375,0
"2389",11130.181640625,0
"2390",11709.7138671875,0
"2391",14409.142578125,2
"2392",12100.6665039062,1
"2393",14947.0361328125,0
"2394",12126.130859375,4
"2395",13228.408203125,2
"2396",14667.15625,0
"2397",11648,0
"2398",13024,2
"2399",13344.734375,3
"2400",15812.9228515625,1
"2401",15761.1123046875,4
"2402",12350.984375,0
"2403",12454.9482421875,0
"2404",14828.3076171875,0
"2405",14540.224609375,4
"2406",15362.169921875,0
"2407",14822.4912109375,4
"2408",12606.3491210938,0
"2409",13804.4448242188,3
"2410",13592.275390625,0
"2411",14663.5791015625,0
"2412",13064.6909179688,0
"2413",13719.2724609375,0
"2414",13124.2666015625,0
"2415",15157.1577148438,4
"2416",15832.888671875,4
"2417",15589.052734375,4
"2418",15065.8696289062,3
"2419",13145.599609375,2
"2420",11240.0981445312,0
"2421",13775.4252929688,3
"2422",15018.6669921875,0
"2423",12438.349609375,0
"2424",13223.384765625,0
"2425",10610.7587890625,0
"2426",13004.4223632812,0
"2427",15570.11328125,0
"2428",15498.1455078125,0
"2429",12336.1474609375,4
"2430",15672.888671875,0
"2431",11677.7387695312,0
